{
  "recall@100": 0.014783526927138331,
  "precision@100": 0.014783526927138331,
  "top_100_accuracy": 0.014783526927138331,
  "recall@500": 0.06251319957761352,
  "precision@500": 0.06251319957761352,
  "top_500_accuracy": 0.06251319957761352,
  "recall@1000": 0.12481520591341078,
  "precision@1000": 0.12481520591341078,
  "top_1000_accuracy": 0.12481520591341078,
  "mrr": 0.0007810001707627971,
  "num_samples": 4735
}